INSERT INTO SETOR(ID, DESCRICAO) VALUES (1,'Petróleo, Gás e Biocombustíveis');
INSERT INTO SETOR(ID, DESCRICAO) VALUES (2,'Materiais Básicos');
INSERT INTO SETOR(ID, DESCRICAO) VALUES (3,'Bens Industriais');
INSERT INTO SETOR(ID, DESCRICAO) VALUES (4,'Consumo não Cíclico');
INSERT INTO SETOR(ID, DESCRICAO) VALUES (5,'Consumo Cíclico');
INSERT INTO SETOR(ID, DESCRICAO) VALUES (6,'Saúde');
INSERT INTO SETOR(ID, DESCRICAO) VALUES (7,'Tecnologia da Informação');
INSERT INTO SETOR(ID, DESCRICAO) VALUES (8,'Comunicações');
INSERT INTO SETOR(ID, DESCRICAO) VALUES (9,'Utilidade Pública');
INSERT INTO SETOR(ID, DESCRICAO) VALUES (10,'Financeiro');
INSERT INTO SETOR(ID, DESCRICAO) VALUES (11,'Outros');
INSERT INTO SUBSETOR(ID, DESCRICAO, ID_SETOR) VALUES(1,'Petróleo, Gás e Biocombustíveis',1);
INSERT INTO SUBSETOR(ID, DESCRICAO, ID_SETOR) VALUES(2,'Mineração',2);
INSERT INTO SUBSETOR(ID, DESCRICAO, ID_SETOR) VALUES(3,'Siderurgia e Metalurgia',2);
INSERT INTO SUBSETOR(ID, DESCRICAO, ID_SETOR) VALUES(4,'Químicos',2);
INSERT INTO SUBSETOR(ID, DESCRICAO, ID_SETOR) VALUES(5,'Madeira e Papel',2);
INSERT INTO SUBSETOR(ID, DESCRICAO, ID_SETOR) VALUES(6,'Embalagens',2);
INSERT INTO SUBSETOR(ID, DESCRICAO, ID_SETOR) VALUES(7,'Materiais Diversos',2);
INSERT INTO SUBSETOR(ID, DESCRICAO, ID_SETOR) VALUES(8,'Construção e Engenharia',3);
INSERT INTO SUBSETOR(ID, DESCRICAO, ID_SETOR) VALUES(9,'Material de Transporte',3);
INSERT INTO SUBSETOR(ID, DESCRICAO, ID_SETOR) VALUES(10,'Máquinas e Equipamentos',3);
INSERT INTO SUBSETOR(ID, DESCRICAO, ID_SETOR) VALUES(11,'Transporte',3);
INSERT INTO SUBSETOR(ID, DESCRICAO, ID_SETOR) VALUES(12,'Serviços Diversos',3);
INSERT INTO SUBSETOR(ID, DESCRICAO, ID_SETOR) VALUES(13,'Comércio',3);
INSERT INTO SUBSETOR(ID, DESCRICAO, ID_SETOR) VALUES(14,'Agropecuária',4);
INSERT INTO SUBSETOR(ID, DESCRICAO, ID_SETOR) VALUES(15,'Alimentos Processados',4);
INSERT INTO SUBSETOR(ID, DESCRICAO, ID_SETOR) VALUES(16,'Bebidas',4);
INSERT INTO SUBSETOR(ID, DESCRICAO, ID_SETOR) VALUES(17,'Produtos de Uso Pessoal e de Limpeza',4);
INSERT INTO SUBSETOR(ID, DESCRICAO, ID_SETOR) VALUES(18,'Comércio e Distribuição',4);
INSERT INTO SUBSETOR(ID, DESCRICAO, ID_SETOR) VALUES(19,'Construção Civil',5);
INSERT INTO SUBSETOR(ID, DESCRICAO, ID_SETOR) VALUES(20,'Tecidos, Vestuário e Calçados',5);
INSERT INTO SUBSETOR(ID, DESCRICAO, ID_SETOR) VALUES(21,'Utilidades Domésticas',5);
INSERT INTO SUBSETOR(ID, DESCRICAO, ID_SETOR) VALUES(22,'Automóveis e Motocicletas',5);
INSERT INTO SUBSETOR(ID, DESCRICAO, ID_SETOR) VALUES(23,'Hoteis e Restaurantes',5);
INSERT INTO SUBSETOR(ID, DESCRICAO, ID_SETOR) VALUES(24,'Viagens e Lazer',5);
INSERT INTO SUBSETOR(ID, DESCRICAO, ID_SETOR) VALUES(25,'Diversos',5);
INSERT INTO SUBSETOR(ID, DESCRICAO, ID_SETOR) VALUES(26,'Comércio',5);
INSERT INTO SUBSETOR(ID, DESCRICAO, ID_SETOR) VALUES(27,'Medicamentos e Outros Produtos',6);
INSERT INTO SUBSETOR(ID, DESCRICAO, ID_SETOR) VALUES(28,'Serviços Médico - Hospitalares, Análises e Diagnósticos',6);
INSERT INTO SUBSETOR(ID, DESCRICAO, ID_SETOR) VALUES(29,'Equipamentos',6);
INSERT INTO SUBSETOR(ID, DESCRICAO, ID_SETOR) VALUES(30,'Comércio e Distribuição',6);
INSERT INTO SUBSETOR(ID, DESCRICAO, ID_SETOR) VALUES(31,'Computadores e Equipamentos',7);
INSERT INTO SUBSETOR(ID, DESCRICAO, ID_SETOR) VALUES(32,'Programas e Serviços',7);
INSERT INTO SUBSETOR(ID, DESCRICAO, ID_SETOR) VALUES(33,'Telecomunicações',8);
INSERT INTO SUBSETOR(ID, DESCRICAO, ID_SETOR) VALUES(34,'Mídia',8);
INSERT INTO SUBSETOR(ID, DESCRICAO, ID_SETOR) VALUES(35,'Energia Elétrica',9);
INSERT INTO SUBSETOR(ID, DESCRICAO, ID_SETOR) VALUES(36,'Água e Saneamento',9);
INSERT INTO SUBSETOR(ID, DESCRICAO, ID_SETOR) VALUES(37,'Gás',9);
INSERT INTO SUBSETOR(ID, DESCRICAO, ID_SETOR) VALUES(38,'Intermediários Financeiros',10);
INSERT INTO SUBSETOR(ID, DESCRICAO, ID_SETOR) VALUES(39,'Securitizadoras de Recebíveis',10);
INSERT INTO SUBSETOR(ID, DESCRICAO, ID_SETOR) VALUES(40,'Serviços Financeiros Diversos',10);
INSERT INTO SUBSETOR(ID, DESCRICAO, ID_SETOR) VALUES(41,'Previdência e Seguros',10);
INSERT INTO SUBSETOR(ID, DESCRICAO, ID_SETOR) VALUES(42,'Exploração de Imóveis',10);
INSERT INTO SUBSETOR(ID, DESCRICAO, ID_SETOR) VALUES(43,'Holdings Diversificadas',10);
INSERT INTO SUBSETOR(ID, DESCRICAO, ID_SETOR) VALUES(44,'Outros Títulos',10);
INSERT INTO SUBSETOR(ID, DESCRICAO, ID_SETOR) VALUES(45,'Outros',11);
INSERT INTO SEGMENTO(ID, DESCRICAO, ID_SUBSETOR) VALUES(1,'Exploração, Refino e Distribuição',1);
INSERT INTO SEGMENTO(ID, DESCRICAO, ID_SUBSETOR) VALUES(2,'Equipamentos e Serviços',1);
INSERT INTO SEGMENTO(ID, DESCRICAO, ID_SUBSETOR) VALUES(3,'Minerais Metálicos',2);
INSERT INTO SEGMENTO(ID, DESCRICAO, ID_SUBSETOR) VALUES(4,'Siderurgia',3);
INSERT INTO SEGMENTO(ID, DESCRICAO, ID_SUBSETOR) VALUES(5,'Artefatos de Ferro e Aço',3);
INSERT INTO SEGMENTO(ID, DESCRICAO, ID_SUBSETOR) VALUES(6,'Artefatos de Cobre',3);
INSERT INTO SEGMENTO(ID, DESCRICAO, ID_SUBSETOR) VALUES(7,'Petroquímicos',4);
INSERT INTO SEGMENTO(ID, DESCRICAO, ID_SUBSETOR) VALUES(8,'Fertilizantes e Defensivos',4);
INSERT INTO SEGMENTO(ID, DESCRICAO, ID_SUBSETOR) VALUES(9,'Químicos Diversos',4);
INSERT INTO SEGMENTO(ID, DESCRICAO, ID_SUBSETOR) VALUES(10,'Madeira',5);
INSERT INTO SEGMENTO(ID, DESCRICAO, ID_SUBSETOR) VALUES(11,'Papel e Celulose',5);
INSERT INTO SEGMENTO(ID, DESCRICAO, ID_SUBSETOR) VALUES(12,'Embalagens',6);
INSERT INTO SEGMENTO(ID, DESCRICAO, ID_SUBSETOR) VALUES(13,'Materiais Diversos',7);
INSERT INTO SEGMENTO(ID, DESCRICAO, ID_SUBSETOR) VALUES(14,'Produtos para Construção',8);
INSERT INTO SEGMENTO(ID, DESCRICAO, ID_SUBSETOR) VALUES(15,'Construção Pesada',8);
INSERT INTO SEGMENTO(ID, DESCRICAO, ID_SUBSETOR) VALUES(16,'Engenharia Consultiva',8);
INSERT INTO SEGMENTO(ID, DESCRICAO, ID_SUBSETOR) VALUES(17,'Material Aeronáutico e de Defesa',9);
INSERT INTO SEGMENTO(ID, DESCRICAO, ID_SUBSETOR) VALUES(18,'Material Rodoviário',9);
INSERT INTO SEGMENTO(ID, DESCRICAO, ID_SUBSETOR) VALUES(19,'Motores, Compressores e Outros',10);
INSERT INTO SEGMENTO(ID, DESCRICAO, ID_SUBSETOR) VALUES(20,'Máq. e Equip. Industriais',10);
INSERT INTO SEGMENTO(ID, DESCRICAO, ID_SUBSETOR) VALUES(21,'Máq. e Equip. Construção e Agrícolas',10);
INSERT INTO SEGMENTO(ID, DESCRICAO, ID_SUBSETOR) VALUES(22,'Armas e Munições',10);
INSERT INTO SEGMENTO(ID, DESCRICAO, ID_SUBSETOR) VALUES(23,'Transporte Aéreo',11);
INSERT INTO SEGMENTO(ID, DESCRICAO, ID_SUBSETOR) VALUES(24,'Transporte Ferroviário',11);
INSERT INTO SEGMENTO(ID, DESCRICAO, ID_SUBSETOR) VALUES(25,'Transporte Hidroviário',11);
INSERT INTO SEGMENTO(ID, DESCRICAO, ID_SUBSETOR) VALUES(26,'Transporte Rodoviário',11);
INSERT INTO SEGMENTO(ID, DESCRICAO, ID_SUBSETOR) VALUES(27,'Exploração de Rodovias',11);
INSERT INTO SEGMENTO(ID, DESCRICAO, ID_SUBSETOR) VALUES(28,'Serviços de Apoio e Armazenagem',11);
INSERT INTO SEGMENTO(ID, DESCRICAO, ID_SUBSETOR) VALUES(29,'Serviços Diversos',12);
INSERT INTO SEGMENTO(ID, DESCRICAO, ID_SUBSETOR) VALUES(30,'Material de Transporte',13);
INSERT INTO SEGMENTO(ID, DESCRICAO, ID_SUBSETOR) VALUES(31,'Agricultura',14);
INSERT INTO SEGMENTO(ID, DESCRICAO, ID_SUBSETOR) VALUES(32,'Açucar e Alcool',15);
INSERT INTO SEGMENTO(ID, DESCRICAO, ID_SUBSETOR) VALUES(33,'Carnes e Derivados',15);
INSERT INTO SEGMENTO(ID, DESCRICAO, ID_SUBSETOR) VALUES(34,'Alimentos Diversos',15);
INSERT INTO SEGMENTO(ID, DESCRICAO, ID_SUBSETOR) VALUES(35,'Cervejas e Refrigerantes',16);
INSERT INTO SEGMENTO(ID, DESCRICAO, ID_SUBSETOR) VALUES(36,'Produtos de Uso Pessoal',17);
INSERT INTO SEGMENTO(ID, DESCRICAO, ID_SUBSETOR) VALUES(37,'Produtos de Limpeza',17);
INSERT INTO SEGMENTO(ID, DESCRICAO, ID_SUBSETOR) VALUES(38,'Alimentos',18);
INSERT INTO SEGMENTO(ID, DESCRICAO, ID_SUBSETOR) VALUES(39,'Incorporações',19);
INSERT INTO SEGMENTO(ID, DESCRICAO, ID_SUBSETOR) VALUES(40,'Fios e Tecidos',20);
INSERT INTO SEGMENTO(ID, DESCRICAO, ID_SUBSETOR) VALUES(41,'Vestuário',20);
INSERT INTO SEGMENTO(ID, DESCRICAO, ID_SUBSETOR) VALUES(42,'Calçados',20);
INSERT INTO SEGMENTO(ID, DESCRICAO, ID_SUBSETOR) VALUES(43,'Acessórios',20);
INSERT INTO SEGMENTO(ID, DESCRICAO, ID_SUBSETOR) VALUES(44,'Eletrodomésticos',21);
INSERT INTO SEGMENTO(ID, DESCRICAO, ID_SUBSETOR) VALUES(45,'Móveis',21);
INSERT INTO SEGMENTO(ID, DESCRICAO, ID_SUBSETOR) VALUES(46,'Utensílios Domésticos',21);
INSERT INTO SEGMENTO(ID, DESCRICAO, ID_SUBSETOR) VALUES(47,'Automóveis e Motocicletas',22);
INSERT INTO SEGMENTO(ID, DESCRICAO, ID_SUBSETOR) VALUES(48,'Hotelaria',23);
INSERT INTO SEGMENTO(ID, DESCRICAO, ID_SUBSETOR) VALUES(49,'Restaurante e Similares',23);
INSERT INTO SEGMENTO(ID, DESCRICAO, ID_SUBSETOR) VALUES(50,'Bicicletas',24);
INSERT INTO SEGMENTO(ID, DESCRICAO, ID_SUBSETOR) VALUES(51,'Brinquedos e Jogos',24);
INSERT INTO SEGMENTO(ID, DESCRICAO, ID_SUBSETOR) VALUES(52,'Produção de Eventos e Shows',24);
INSERT INTO SEGMENTO(ID, DESCRICAO, ID_SUBSETOR) VALUES(53,'Viagens e Turismo',24);
INSERT INTO SEGMENTO(ID, DESCRICAO, ID_SUBSETOR) VALUES(54,'Atividades Esportivas',24);
INSERT INTO SEGMENTO(ID, DESCRICAO, ID_SUBSETOR) VALUES(55,'Serviços Educacionais',25);
INSERT INTO SEGMENTO(ID, DESCRICAO, ID_SUBSETOR) VALUES(56,'Aluguel de carros',25);
INSERT INTO SEGMENTO(ID, DESCRICAO, ID_SUBSETOR) VALUES(57,'Programas de Fidelização',25);
INSERT INTO SEGMENTO(ID, DESCRICAO, ID_SUBSETOR) VALUES(58,'Tecidos, Vestuário e Calçados',26);
INSERT INTO SEGMENTO(ID, DESCRICAO, ID_SUBSETOR) VALUES(59,'Eletrodomésticos',26);
INSERT INTO SEGMENTO(ID, DESCRICAO, ID_SUBSETOR) VALUES(60,'Produtos Diversos',26);
INSERT INTO SEGMENTO(ID, DESCRICAO, ID_SUBSETOR) VALUES(61,'Medicamentos e Outros Produtos',27);
INSERT INTO SEGMENTO(ID, DESCRICAO, ID_SUBSETOR) VALUES(62,'Serviços Médico - Hospitalares, Análises e Diagnósticos',28);
INSERT INTO SEGMENTO(ID, DESCRICAO, ID_SUBSETOR) VALUES(63,'Equipamentos',29);
INSERT INTO SEGMENTO(ID, DESCRICAO, ID_SUBSETOR) VALUES(64,'Medicamentos e Outros Produtos',30);
INSERT INTO SEGMENTO(ID, DESCRICAO, ID_SUBSETOR) VALUES(65,'Computadores e Equipamentos',31);
INSERT INTO SEGMENTO(ID, DESCRICAO, ID_SUBSETOR) VALUES(66,'Programas e Serviços',32);
INSERT INTO SEGMENTO(ID, DESCRICAO, ID_SUBSETOR) VALUES(67,'Telecomunicações',33);
INSERT INTO SEGMENTO(ID, DESCRICAO, ID_SUBSETOR) VALUES(68,'Produção e Difusão de Filmes e Programas',34);
INSERT INTO SEGMENTO(ID, DESCRICAO, ID_SUBSETOR) VALUES(69,'Publicidade e Propaganda',34);
INSERT INTO SEGMENTO(ID, DESCRICAO, ID_SUBSETOR) VALUES(70,'Energia Elétrica',35);
INSERT INTO SEGMENTO(ID, DESCRICAO, ID_SUBSETOR) VALUES(71,'Água e Saneamento',36);
INSERT INTO SEGMENTO(ID, DESCRICAO, ID_SUBSETOR) VALUES(72,'Gás',37);
INSERT INTO SEGMENTO(ID, DESCRICAO, ID_SUBSETOR) VALUES(73,'Bancos',38);
INSERT INTO SEGMENTO(ID, DESCRICAO, ID_SUBSETOR) VALUES(74,'Soc. Crédito e Financiamento',38);
INSERT INTO SEGMENTO(ID, DESCRICAO, ID_SUBSETOR) VALUES(75,'Soc. Arrendamento Mercantil',38);
INSERT INTO SEGMENTO(ID, DESCRICAO, ID_SUBSETOR) VALUES(76,'Securitizadoras de Recebíveis',39);
INSERT INTO SEGMENTO(ID, DESCRICAO, ID_SUBSETOR) VALUES(77,'Gestão de Recursos e Investimentos',40);
INSERT INTO SEGMENTO(ID, DESCRICAO, ID_SUBSETOR) VALUES(78,'Serviços Financeiros Diversos',40);
INSERT INTO SEGMENTO(ID, DESCRICAO, ID_SUBSETOR) VALUES(79,'Seguradoras',41);
INSERT INTO SEGMENTO(ID, DESCRICAO, ID_SUBSETOR) VALUES(80,'Resseguradoras',41);
INSERT INTO SEGMENTO(ID, DESCRICAO, ID_SUBSETOR) VALUES(81,'Corretoras de Seguros e Resseguros',41);
INSERT INTO SEGMENTO(ID, DESCRICAO, ID_SUBSETOR) VALUES(82,'Exploração de Imóveis',42);
INSERT INTO SEGMENTO(ID, DESCRICAO, ID_SUBSETOR) VALUES(83,'Intermediação Imobiliária',42);
INSERT INTO SEGMENTO(ID, DESCRICAO, ID_SUBSETOR) VALUES(84,'Holdings Diversificadas',43);
INSERT INTO SEGMENTO(ID, DESCRICAO, ID_SUBSETOR) VALUES(85,'Outros Títulos',44);
INSERT INTO SEGMENTO(ID, DESCRICAO, ID_SUBSETOR) VALUES(86,'Outros',45);
insert into acao(ID, CODIGO, ID_SEGMENTO) VALUES (6,'WEGE3',19);
insert into acao(ID, CODIGO, ID_SEGMENTO) VALUES (7,'EMBR3',17);
insert into acao(ID, CODIGO, ID_SEGMENTO) VALUES (8,'AZUL4',23);
insert into acao(ID, CODIGO, ID_SEGMENTO) VALUES (9,'CCRO3',27);
insert into acao(ID, CODIGO, ID_SEGMENTO) VALUES (10,'ECOR3',27);
insert into acao(ID, CODIGO, ID_SEGMENTO) VALUES (11,'GOLL4',23);
insert into acao(ID, CODIGO, ID_SEGMENTO) VALUES (12,'RAIL3',24);
insert into acao(ID, CODIGO, ID_SEGMENTO) VALUES (13,'BRFS3',33);
insert into acao(ID, CODIGO, ID_SEGMENTO) VALUES (14,'JBSS3',33);
insert into acao(ID, CODIGO, ID_SEGMENTO) VALUES (15,'MRFG3',33);
insert into acao(ID, CODIGO, ID_SEGMENTO) VALUES (16,'BEEF3',33);
insert into acao(ID, CODIGO, ID_SEGMENTO) VALUES (17,'ASAI3',38);
insert into acao(ID, CODIGO, ID_SEGMENTO) VALUES (18,'PCAR3',38);
insert into acao(ID, CODIGO, ID_SEGMENTO) VALUES (19,'NTCO3',36);
insert into acao(ID, CODIGO, ID_SEGMENTO) VALUES (20,'AMER3',60);
insert into acao(ID, CODIGO, ID_SEGMENTO) VALUES (21,'SOMA3',58);
insert into acao(ID, CODIGO, ID_SEGMENTO) VALUES (22,'LAME4',60);
insert into acao(ID, CODIGO, ID_SEGMENTO) VALUES (23,'LREN3',58);
insert into acao(ID, CODIGO, ID_SEGMENTO) VALUES (24,'MGLU3',44);
insert into acao(ID, CODIGO, ID_SEGMENTO) VALUES (25,'PETZ3',60);
insert into acao(ID, CODIGO, ID_SEGMENTO) VALUES (26,'VIIA3',44);
insert into acao(ID, CODIGO, ID_SEGMENTO) VALUES (27,'ALPA4',42);
insert into acao(ID, CODIGO, ID_SEGMENTO) VALUES (28,'EZTC3',39);
insert into acao(ID, CODIGO, ID_SEGMENTO) VALUES (29,'JHSF3',39);
insert into acao(ID, CODIGO, ID_SEGMENTO) VALUES (30,'MRVE3',39);
insert into acao(ID, CODIGO, ID_SEGMENTO) VALUES (31,'CVCB3',53);
insert into acao(ID, CODIGO, ID_SEGMENTO) VALUES (32,'COGN3',55);
insert into acao(ID, CODIGO, ID_SEGMENTO) VALUES (33,'RENT3',56);
insert into acao(ID, CODIGO, ID_SEGMENTO) VALUES (34,'LCAM3',56);
insert into acao(ID, CODIGO, ID_SEGMENTO) VALUES (35,'YDUQ3',55);
insert into acao(ID, CODIGO, ID_SEGMENTO) VALUES (36,'BRML3',82);
insert into acao(ID, CODIGO, ID_SEGMENTO) VALUES (37,'MULT3',82);
insert into acao(ID, CODIGO, ID_SEGMENTO) VALUES (38,'BIDI4',73);
insert into acao(ID, CODIGO, ID_SEGMENTO) VALUES (39,'BIDI11',73);
insert into acao(ID, CODIGO, ID_SEGMENTO) VALUES (40,'BPAN4',73);
insert into acao(ID, CODIGO, ID_SEGMENTO) VALUES (41,'BBDC4',73);
insert into acao(ID, CODIGO, ID_SEGMENTO) VALUES (42,'BBAS3',73);
insert into acao(ID, CODIGO, ID_SEGMENTO) VALUES (43,'BPAC11',73);
insert into acao(ID, CODIGO, ID_SEGMENTO) VALUES (44,'ITSA4',73);
insert into acao(ID, CODIGO, ID_SEGMENTO) VALUES (45,'SANB11',73);
insert into acao(ID, CODIGO, ID_SEGMENTO) VALUES (46,'BBSE3',79);
insert into acao(ID, CODIGO, ID_SEGMENTO) VALUES (47,'IRBR3',80);
insert into acao(ID, CODIGO, ID_SEGMENTO) VALUES (48,'SULA11',79);
insert into acao(ID, CODIGO, ID_SEGMENTO) VALUES (49,'B3SA3',78);
insert into acao(ID, CODIGO, ID_SEGMENTO) VALUES (50,'CIEL3',78);
insert into acao(ID, CODIGO, ID_SEGMENTO) VALUES (51,'GETT11',78);
insert into acao(ID, CODIGO, ID_SEGMENTO) VALUES (52,'DXCO3',10);
insert into acao(ID, CODIGO, ID_SEGMENTO) VALUES (53,'KLBN11',11);
insert into acao(ID, CODIGO, ID_SEGMENTO) VALUES (54,'SUZB3',11);
insert into acao(ID, CODIGO, ID_SEGMENTO) VALUES (55,'BRAP4',3);
insert into acao(ID, CODIGO, ID_SEGMENTO) VALUES (56,'VALE3',3);
insert into acao(ID, CODIGO, ID_SEGMENTO) VALUES (57,'BRKM5',7);
insert into acao(ID, CODIGO, ID_SEGMENTO) VALUES (58,'GGBR4',4);
insert into acao(ID, CODIGO, ID_SEGMENTO) VALUES (59,'GOAU4',4);
insert into acao(ID, CODIGO, ID_SEGMENTO) VALUES (60,'CSNA3',4);
insert into acao(ID, CODIGO, ID_SEGMENTO) VALUES (61,'USIM5',4);
insert into acao(ID, CODIGO, ID_SEGMENTO) VALUES (62,'CSAN3',1);
insert into acao(ID, CODIGO, ID_SEGMENTO) VALUES (63,'PETR3',1);
insert into acao(ID, CODIGO, ID_SEGMENTO) VALUES (64,'PETR4',1);
insert into acao(ID, CODIGO, ID_SEGMENTO) VALUES (65,'PRIO3',1);
insert into acao(ID, CODIGO, ID_SEGMENTO) VALUES (66,'UGPA3',1);
insert into acao(ID, CODIGO, ID_SEGMENTO) VALUES (67,'VBBR3',1);
insert into acao(ID, CODIGO, ID_SEGMENTO) VALUES (68,'HYPE3',61);
insert into acao(ID, CODIGO, ID_SEGMENTO) VALUES (69,'RADL3',61);
insert into acao(ID, CODIGO, ID_SEGMENTO) VALUES (70,'FLRY3',62);
insert into acao(ID, CODIGO, ID_SEGMENTO) VALUES (71,'HAPV3',62);
insert into acao(ID, CODIGO, ID_SEGMENTO) VALUES (72,'GNDI3',62);
insert into acao(ID, CODIGO, ID_SEGMENTO) VALUES (73,'QUAL3',62);
insert into acao(ID, CODIGO, ID_SEGMENTO) VALUES (74,'RDOR3',62);
insert into acao(ID, CODIGO, ID_SEGMENTO) VALUES (75,'LWSA3',66);
insert into acao(ID, CODIGO, ID_SEGMENTO) VALUES (76,'CASH3',66);
insert into acao(ID, CODIGO, ID_SEGMENTO) VALUES (77,'TOTS3',66);
insert into acao(ID, CODIGO, ID_SEGMENTO) VALUES (78,'VIVT3',67);
insert into acao(ID, CODIGO, ID_SEGMENTO) VALUES (79,'TIMS3',67);
insert into acao(ID, CODIGO, ID_SEGMENTO) VALUES (80,'SBSP3',71);
insert into acao(ID, CODIGO, ID_SEGMENTO) VALUES (81,'CMIG4',70);
insert into acao(ID, CODIGO, ID_SEGMENTO) VALUES (82,'CPLE6',70);
insert into acao(ID, CODIGO, ID_SEGMENTO) VALUES (83,'CPFE3',70);
insert into acao(ID, CODIGO, ID_SEGMENTO) VALUES (84,'ELET3',70);
insert into acao(ID, CODIGO, ID_SEGMENTO) VALUES (85,'ELET6',70);
insert into acao(ID, CODIGO, ID_SEGMENTO) VALUES (86,'ENBR3',70);
insert into acao(ID, CODIGO, ID_SEGMENTO) VALUES (87,'ENGI11',70);
insert into acao(ID, CODIGO, ID_SEGMENTO) VALUES (88,'ENEV3',70);
insert into acao(ID, CODIGO, ID_SEGMENTO) VALUES (89,'EQTL3',70);
insert into acao(ID, CODIGO, ID_SEGMENTO) VALUES (90,'TAEE11',70);
